Designator,Footprint,Quantity,Value,LCSC Part #
"H1, H2, H3, H4",MountingHole_3.2mm_M3,4,MountingHole,
J1,Jack_3.5mm_QingPu_WQP-PJ301M-12_Vertical,1,IN1,
J2,Jack_3.5mm_QingPu_WQP-PJ301M-12_Vertical,1,IN2,
J3,Jack_3.5mm_QingPu_WQP-PJ301M-12_Vertical,1,IN3,
J4,Jack_3.5mm_QingPu_WQP-PJ301M-12_Vertical,1,IN4,
J5,Jack_3.5mm_QingPu_WQP-PJ301M-12_Vertical,1,OUT1,
J6,Jack_3.5mm_QingPu_WQP-PJ301M-12_Vertical,1,OUT2,
J7,Jack_3.5mm_QingPu_WQP-PJ301M-12_Vertical,1,OUT3,
J8,Jack_3.5mm_QingPu_WQP-PJ301M-12_Vertical,1,OUT4,
J9,Jack_3.5mm_QingPu_WQP-PJ301M-12_Vertical,1,MIX,
"R1, R2, R3, R4",R_Axial_DIN0207_L6.3mm_D2.5mm_P10.16mm_Horizontal,4,2K,
"R10, R9",R_Axial_DIN0207_L6.3mm_D2.5mm_P10.16mm_Horizontal,2,10K,
"R5, R6, R7, R8",R_Axial_DIN0207_L6.3mm_D2.5mm_P10.16mm_Horizontal,4,2.2K,
"RV1, RV2, RV3, RV4",Potentiometer_Alpha_RD901F-40-00D_Single_Vertical,4,10K,
RV5,Potentiometer_Alpha_RD902F-40-00D_Dual_Vertical,1,100K,
SW1,Switch_Toggle_SPDT_Mini_SolderLug,1,Mute3,
SW2,Switch_Toggle_SPDT_Mini_SolderLug,1,Mute4,
SW3,Switch_Toggle_SPDT_Mini_SolderLug,1,Mute1,
SW4,Switch_Toggle_SPDT_Mini_SolderLug,1,Mute2,
SW5,SW_DIP_SPSTx04_Slide_9.78x12.34mm_W7.62mm_P2.54mm,1,LIN/LOG,
SW6,Switch_Toggle_SPDT_Mini_SolderLug,1,Mute,
